{
  "nodes": [
    {
      "id": 1,
      "city_name": "Menlo Park",
      "state_code": "CA",
      "state_name": "California",
      "country_code": "USA",
      "country_name": "United States",
      "city_lat": "37.455318450927700",
      "city_long": "-122.178558349609000",
      "deleted_at": null
    },
    {
      "id": 2,
      "city_name": "Redwood City",
      "state_code": "CA",
      "state_name": "California",
      "country_code": "USA",
      "country_name": "United States",
      "city_lat": "37.484500885009766",
      "city_long": "-122.227722167968750",
      "deleted_at": null
    },
    {
      "id": 3,
      "city_name": "Little Rock",
      "state_code": "AR",
      "state_name": "Arkansas",
      "country_code": "USA",
      "country_name": "United States",
      "city_lat": "34.748649597167970",
      "city_long": "-92.274490356445310",
      "deleted_at": null
    },
    {
      "id": 4,
      "city_name": "Mountain View",
      "state_code": "AR",
      "state_name": "Arkansas",
      "country_code": "USA",
      "country_name": "United States",
      "city_lat": "35.769599914550780",
      "city_long": "-92.251243591308600",
      "deleted_at": null
    },
    {
      "id": 5,
      "city_name": "Cambridge",
      "state_code": null,
      "state_name": null,
      "country_code": "GBR",
      "country_name": "United Kingdom",
      "city_lat": "52.228401184082030",
      "city_long": "0.111850000917912",
      "deleted_at": null
    },
    {
      "id": 6,
      "city_name": "Shanghai",
      "state_code": null,
      "state_name": null,
      "country_code": "CHN",
      "country_name": "China",
      "city_lat": "31.224145889282227",
      "city_long": "121.516136169433600",
      "deleted_at": null
    },
    {
      "id": 7,
      "city_name": "Springfield",
      "state_code": "IL",
      "state_name": "Illinois",
      "country_code": "USA",
      "country_name": "United States",
      "city_lat": "39.801048278808594",
      "city_long": "-89.643600463867190",
      "deleted_at": null
    },
    {
      "id": 8,
      "city_name": "Springfield",
      "state_code": "IL",
      "state_name": "Illinois",
      "country_code": "USA",
      "country_name": "United States",
      "city_lat": "39.772361755371094",
      "city_long": "-89.699920654296880",
      "deleted_at": null
    },
    {
      "id": 9,
      "city_name": "Honolulu",
      "state_code": "HI",
      "state_name": "Hawaii",
      "country_code": "USA",
      "country_name": "United States",
      "city_lat": "21.304849624633790",
      "city_long": "-157.857757568359380",
      "deleted_at": null
    },
    {
      "id": 10,
      "city_name": "Orlando",
      "state_code": "FL",
      "state_name": "Florida",
      "country_code": "USA",
      "country_name": "United States",
      "city_lat": "28.538230895996094",
      "city_long": "-81.377388000488280",
      "deleted_at": null
    },
    {
      "id": 11,
      "city_name": "Silicon Valley",
      "state_code": "CA",
      "state_name": "California",
      "country_code": "USA",
      "country_name": "United States",
      "city_lat": "37.369999000000000",
      "city_long": "-122.040001000000000",
      "deleted_at": null
    },
    {
      "id": 12,
      "city_name": "Sebastopol",
      "state_code": "CA",
      "state_name": "California",
      "country_code": "USA",
      "country_name": "United States",
      "city_lat": "38.401741027832030",
      "city_long": "-122.825248718261720",
      "deleted_at": null
    },
    {
      "id": 13,
      "city_name": "St Paul",
      "state_code": "MN",
      "state_name": "Minnesota",
      "country_code": "USA",
      "country_name": "United States",
      "city_lat": "44.943820953369140",
      "city_long": "-93.093322753906250",
      "deleted_at": null
    },
    {
      "id": 14,
      "city_name": null,
      "state_code": null,
      "state_name": null,
      "country_code": "GBR",
      "country_name": "United Kingdom",
      "city_lat": "51.450294494628906",
      "city_long": "-1.304961204528809",
      "deleted_at": null
    },
    {
      "id": 15,
      "city_name": "Seattle",
      "state_code": "WA",
      "state_name": "Washington",
      "country_code": "USA",
      "country_name": "United States",
      "city_lat": "47.603569030761720",
      "city_long": "-122.329452514648440",
      "deleted_at": null
    },
    {
      "id": 16,
      "city_name": "Albuquerque",
      "state_code": "NM",
      "state_name": "New Mexico",
      "country_code": "USA",
      "country_name": "United States",
      "city_lat": "35.084178924560550",
      "city_long": "-106.648643493652340",
      "deleted_at": null
    },
    {
      "id": 17,
      "city_name": "Oakland",
      "state_code": "CA",
      "state_name": "California",
      "country_code": "USA",
      "country_name": "United States",
      "city_lat": "37.805080413818360",
      "city_long": "-122.273071289062500",
      "deleted_at": null
    },
    {
      "id": 18,
      "city_name": null,
      "state_code": null,
      "state_name": null,
      "country_code": "URY",
      "country_name": "Uruguay",
      "city_lat": "-32.969654083251950",
      "city_long": "-56.055908203125000",
      "deleted_at": null
    },
    {
      "id": 19,
      "city_name": "Armonk",
      "state_code": "NY",
      "state_name": "New York",
      "country_code": "USA",
      "country_name": "United States",
      "city_lat": "41.119411468505860",
      "city_long": "-73.708381652832030",
      "deleted_at": null
    },
    {
      "id": 20,
      "city_name": null,
      "state_code": null,
      "state_name": null,
      "country_code": "UGA",
      "country_name": "Uganda",
      "city_lat": "0.500000000000000",
      "city_long": "32.000000000000000",
      "deleted_at": null
    },
    {
      "id": 21,
      "city_name": "Detroit",
      "state_code": "IL",
      "state_name": "Illinois",
      "country_code": "USA",
      "country_name": "United States",
      "city_lat": "39.620628356933594",
      "city_long": "-90.675773620605470",
      "deleted_at": null
    },
    {
      "id": 22,
      "city_name": "Cairo",
      "state_code": null,
      "state_name": null,
      "country_code": "EGY",
      "country_name": "Egypt",
      "city_lat": "30.045419692993164",
      "city_long": "31.242109298706055",
      "deleted_at": null
    },
    {
      "id": 23,
      "city_name": null,
      "state_code": null,
      "state_name": null,
      "country_code": "DEU",
      "country_name": "Germany",
      "city_lat": "51.202465057373050",
      "city_long": "10.382203102111816",
      "deleted_at": null
    },
    {
      "id": 24,
      "city_name": "Austin",
      "state_code": "TX",
      "state_name": "Texas",
      "country_code": "USA",
      "country_name": "United States",
      "city_lat": "30.267589569091797",
      "city_long": "-97.742988586425780",
      "deleted_at": null
    },
    {
      "id": 25,
      "city_name": "Axminster",
      "state_code": null,
      "state_name": " Devon",
      "country_code": "GBR",
      "country_name": "United Kingdom",
      "city_lat": "50.777500152587890",
      "city_long": "-3.024329900741577",
      "deleted_at": null
    },
    {
      "id": 26,
      "city_name": null,
      "state_code": null,
      "state_name": null,
      "country_code": "NGA",
      "country_name": "Nigeria",
      "city_lat": "9.559505462646484",
      "city_long": "8.077880859375000",
      "deleted_at": null
    },
    {
      "id": 27,
      "city_name": null,
      "state_code": null,
      "state_name": null,
      "country_code": null,
      "country_name": "United Kingdom",
      "city_lat": null,
      "city_long": null,
      "deleted_at": null
    },
    {
      "id": 28,
      "city_name": "Darmstadt",
      "state_code": "HE",
      "state_name": "Hesse",
      "country_code": "DEU",
      "country_name": "Germany",
      "city_lat": "49.853401000000000",
      "city_long": "8.646520000000000",
      "deleted_at": null
    },
    {
      "id": 29,
      "city_name": "Pforzheim",
      "state_code": "BW",
      "state_name": "Baden-Württemberg",
      "country_code": "DEU",
      "country_name": "Germany",
      "city_lat": "48.893501281738280",
      "city_long": "8.706979751586914",
      "deleted_at": null
    },
    {
      "id": 30,
      "city_name": "Redlands",
      "state_code": "CA",
      "state_name": "California",
      "country_code": "USA",
      "country_name": "United States",
      "city_lat": "34.055278778076170",
      "city_long": "-117.182579040527340",
      "deleted_at": null
    },
    {
      "id": 31,
      "city_name": "Bogota",
      "state_code": null,
      "state_name": null,
      "country_code": null,
      "country_name": " Columbia",
      "city_lat": null,
      "city_long": null,
      "deleted_at": null
    },
    {
      "id": 32,
      "city_name": "Birmingham",
      "state_code": null,
      "state_name": null,
      "country_code": "GBR",
      "country_name": "United Kingdom",
      "city_lat": "52.478668212890625",
      "city_long": "-1.908480048179627",
      "deleted_at": null
    },
    {
      "id": 33,
      "city_name": null,
      "state_code": "AZ",
      "state_name": null,
      "country_code": "USA",
      "country_name": "United States",
      "city_lat": "34.292964935302734",
      "city_long": "-111.664695739746100",
      "deleted_at": null
    },
    {
      "id": 34,
      "city_name": "Manila",
      "state_code": null,
      "state_name": null,
      "country_code": "PHL",
      "country_name": "Philippines",
      "city_lat": "14.587430000305176",
      "city_long": "120.983680725097660",
      "deleted_at": null
    },
    {
      "id": 35,
      "city_name": null,
      "state_code": null,
      "state_name": null,
      "country_code": "POL",
      "country_name": "Poland",
      "city_lat": "52.147850036621094",
      "city_long": "19.377759933471680",
      "deleted_at": null
    },
    {
      "id": 36,
      "city_name": null,
      "state_code": null,
      "state_name": null,
      "country_code": "NLD",
      "country_name": "Netherlands",
      "city_lat": "52.342258453369140",
      "city_long": "5.528157234191895",
      "deleted_at": null
    },
    {
      "id": 37,
      "city_name": null,
      "state_code": "DF",
      "state_name": null,
      "country_code": "MEX",
      "country_name": "Mexico",
      "city_lat": "19.279386520385742",
      "city_long": "-99.134757995605470",
      "deleted_at": null
    },
    {
      "id": 38,
      "city_name": "Worcester",
      "state_code": "MA",
      "state_name": "Massachusetts",
      "country_code": "USA",
      "country_name": "United States",
      "city_lat": "42.263409000000000",
      "city_long": "-71.802193000000000",
      "deleted_at": null
    },
    {
      "id": 39,
      "city_name": "Santa Cruz",
      "state_code": "CA",
      "state_name": "California",
      "country_code": "USA",
      "country_name": "United States",
      "city_lat": "36.974018096923830",
      "city_long": "-122.030952453613280",
      "deleted_at": null
    },
    {
      "id": 40,
      "city_name": null,
      "state_code": null,
      "state_name": null,
      "country_code": "FRA",
      "country_name": "France",
      "city_lat": "46.637279510498050",
      "city_long": "2.338262319564819",
      "deleted_at": null
    },
    {
      "id": 41,
      "city_name": "Phoenix",
      "state_code": "AZ",
      "state_name": "Arizona",
      "country_code": "USA",
      "country_name": "United States",
      "city_lat": "33.448249816894530",
      "city_long": "-112.075798034667970",
      "deleted_at": null
    },
    {
      "id": 42,
      "city_name": "Salt Lake City",
      "state_code": "UT",
      "state_name": "Utah",
      "country_code": "USA",
      "country_name": "United States",
      "city_lat": "40.760311126708984",
      "city_long": "-111.888221740722660",
      "deleted_at": null
    },
    {
      "id": 43,
      "city_name": null,
      "state_code": "BE",
      "state_name": null,
      "country_code": "DEU",
      "country_name": "Germany",
      "city_lat": "52.501407623291016",
      "city_long": "13.402328491210938",
      "deleted_at": null
    },
    {
      "id": 44,
      "city_name": "Houston",
      "state_code": "TX",
      "state_name": "Texas",
      "country_code": "USA",
      "country_name": "United States",
      "city_lat": "29.760450363159180",
      "city_long": "-95.369781494140620",
      "deleted_at": null
    },
    {
      "id": 45,
      "city_name": "Bristol",
      "state_code": null,
      "state_name": null,
      "country_code": "GBR",
      "country_name": "United Kingdom",
      "city_lat": "51.453788757324220",
      "city_long": "-2.591680049896240",
      "deleted_at": null
    },
    {
      "id": 46,
      "city_name": "Minneapolis",
      "state_code": "MN",
      "state_name": null,
      "country_code": "USA",
      "country_name": "United States",
      "city_lat": "44.979030609130860",
      "city_long": "-93.264930725097660",
      "deleted_at": null
    },
    {
      "id": 47,
      "city_name": "Syracuse",
      "state_code": "NY",
      "state_name": "New York",
      "country_code": "USA",
      "country_name": "United States",
      "city_lat": "43.049992000000000",
      "city_long": "-76.147392000000000",
      "deleted_at": null
    },
    {
      "id": 48,
      "city_name": "Kansas City",
      "state_code": "MO",
      "state_name": "Missouri",
      "country_code": "USA",
      "country_name": "United States",
      "city_lat": "39.102951049804690",
      "city_long": "-94.583076477050780",
      "deleted_at": null
    },
    {
      "id": 49,
      "city_name": "Ixelles",
      "state_code": null,
      "state_name": null,
      "country_code": "BEL",
      "country_name": "Belgium",
      "city_lat": "50.825698852539060",
      "city_long": "4.372539997100830",
      "deleted_at": null
    },
    {
      "id": 50,
      "city_name": "Bengaluru",
      "state_code": null,
      "state_name": null,
      "country_code": "IND",
      "country_name": "India",
      "city_lat": "12.966970443725586",
      "city_long": "77.587280273437500",
      "deleted_at": null
    },
    {
      "id": 51,
      "city_name": "Noida",
      "state_code": null,
      "state_name": null,
      "country_code": "IND",
      "country_name": "India",
      "city_lat": "28.535179138183594",
      "city_long": "77.386238098144530",
      "deleted_at": null
    },
    {
      "id": 52,
      "city_name": "Denver",
      "state_code": "CO",
      "state_name": "Colorado",
      "country_code": "USA",
      "country_name": "United States",
      "city_lat": "39.740009307861330",
      "city_long": "-104.992301940917970",
      "deleted_at": null
    },
    {
      "id": 53,
      "city_name": null,
      "state_code": null,
      "state_name": null,
      "country_code": "CAN",
      "country_name": "Canada",
      "city_lat": "62.832908630371094",
      "city_long": "-95.913322448730470",
      "deleted_at": null
    },
    {
      "id": 54,
      "city_name": null,
      "state_code": null,
      "state_name": null,
      "country_code": "AUS",
      "country_name": "Australia",
      "city_lat": "-25.585241317749023",
      "city_long": "134.504119873046880",
      "deleted_at": null
    },
    {
      "id": 55,
      "city_name": "Riga",
      "state_code": "Riga",
      "state_name": null,
      "country_code": "LVA",
      "country_name": "Latvia",
      "city_lat": "57.027698516845700",
      "city_long": "24.044700622558594",
      "deleted_at": null
    },
    {
      "id": 56,
      "city_name": "Nairobi",
      "state_code": null,
      "state_name": null,
      "country_code": "KEN",
      "country_name": "Kenya",
      "city_lat": "-1.273669958114624",
      "city_long": "36.874900817871094",
      "deleted_at": null
    },
    {
      "id": 57,
      "city_name": null,
      "state_code": null,
      "state_name": null,
      "country_code": "CHL",
      "country_name": "Chile",
      "city_lat": "-33.603908538818360",
      "city_long": "-70.627029418945310",
      "deleted_at": null
    },
    {
      "id": 58,
      "city_name": "Burlington",
      "state_code": "WV",
      "state_name": "West Virginia",
      "country_code": "USA",
      "country_name": "United States",
      "city_lat": "39.337539672851560",
      "city_long": "-78.916198730468750",
      "deleted_at": null
    },
    {
      "id": 59,
      "city_name": "Shibuya-ku",
      "state_code": null,
      "state_name": null,
      "country_code": "JPN",
      "country_name": "Japan",
      "city_lat": "35.664001464843750",
      "city_long": "139.697998046875000",
      "deleted_at": null
    },
    {
      "id": 60,
      "city_name": "Madrid",
      "state_code": null,
      "state_name": null,
      "country_code": "ESP",
      "country_name": "Spain",
      "city_lat": "40.420280456542970",
      "city_long": "-3.705770015716553",
      "deleted_at": null
    },
    {
      "id": 61,
      "city_name": "Yorkville",
      "state_code": "IL",
      "state_name": "Illinois",
      "country_code": "USA",
      "country_name": "United States",
      "city_lat": "41.639129638671875",
      "city_long": "-88.448028564453120",
      "deleted_at": null
    },
    {
      "id": 62,
      "city_name": "Warsaw",
      "state_code": "MA",
      "state_name": null,
      "country_code": "POL",
      "country_name": "Poland",
      "city_lat": "52.228748321533200",
      "city_long": "21.006250381469727",
      "deleted_at": null
    },
    {
      "id": 63,
      "city_name": "Paris",
      "state_code": "IdF",
      "state_name": "Île-de-France",
      "country_code": "FRA",
      "country_name": "France",
      "city_lat": "48.856929779052734",
      "city_long": "2.341200113296509",
      "deleted_at": null
    },
    {
      "id": 64,
      "city_name": "Dallas",
      "state_code": "TX",
      "state_name": "Texas",
      "country_code": "USA",
      "country_name": "United States",
      "city_lat": "32.778148651123050",
      "city_long": "-96.795402526855470",
      "deleted_at": null
    },
    {
      "id": 65,
      "city_name": "Berkeley",
      "state_code": "CA",
      "state_name": "California",
      "country_code": "USA",
      "country_name": "United States",
      "city_lat": "37.869881000000000",
      "city_long": "-122.270538000000000",
      "deleted_at": null
    },
    {
      "id": 66,
      "city_name": "Klein Bennebek",
      "state_code": "SH",
      "state_name": null,
      "country_code": "DEU",
      "country_name": "Germany",
      "city_lat": "54.403885000000000",
      "city_long": "9.433330000000000",
      "deleted_at": null
    },
    {
      "id": 67,
      "city_name": "Aachen",
      "state_code": "DE",
      "state_name": null,
      "country_code": null,
      "country_name": null,
      "city_lat": null,
      "city_long": null,
      "deleted_at": null
    },
    {
      "id": 68,
      "city_name": "Palo Alto",
      "state_code": "CA",
      "state_name": null,
      "country_code": null,
      "country_name": null,
      "city_lat": null,
      "city_long": null,
      "deleted_at": null
    },
    {
      "id": 69,
      "city_name": "Santa Monica",
      "state_code": "CA",
      "state_name": "California",
      "country_code": "USA",
      "country_name": "United States",
      "city_lat": "34.011558532714844",
      "city_long": "-118.492286682128900",
      "deleted_at": null
    },
    {
      "id": 70,
      "city_name": "Baltimore",
      "state_code": "MD",
      "state_name": "Maryland",
      "country_code": "USA",
      "country_name": "United States",
      "city_lat": "39.290580749511720",
      "city_long": "-76.609260559082030",
      "deleted_at": null
    },
    {
      "id": 71,
      "city_name": "Los Angeles",
      "state_code": "CA",
      "state_name": "California",
      "country_code": "USA",
      "country_name": "United States",
      "city_lat": "34.053489685058594",
      "city_long": "-118.245323181152340",
      "deleted_at": null
    },
    {
      "id": 72,
      "city_name": "Washington",
      "state_code": "DC",
      "state_name": "District of Columbia",
      "country_code": "USA",
      "country_name": "United States",
      "city_lat": "38.890369000000000",
      "city_long": "-77.031960000000000",
      "deleted_at": null
    },
    {
      "id": 73,
      "city_name": "Tucson",
      "state_code": "AZ",
      "state_name": "Arizona",
      "country_code": "USA",
      "country_name": "United States",
      "city_lat": "32.221549987792970",
      "city_long": "-110.969757080078120",
      "deleted_at": null
    },
    {
      "id": 74,
      "city_name": "Amsterdam",
      "state_code": null,
      "state_name": null,
      "country_code": "NLD",
      "country_name": "Netherlands",
      "city_lat": "52.330699920654300",
      "city_long": "4.866539955139160",
      "deleted_at": null
    },
    {
      "id": 75,
      "city_name": "Toronto",
      "state_code": "ON",
      "state_name": "Ontario",
      "country_code": "CAN",
      "country_name": "Canada",
      "city_lat": "43.657398223876950",
      "city_long": "-79.432800292968750",
      "deleted_at": null
    },
    {
      "id": 76,
      "city_name": "San Francisco",
      "state_code": "CA",
      "state_name": "California",
      "country_code": "USA",
      "country_name": "United States",
      "city_lat": "37.777118682861330",
      "city_long": "-122.419639587402340",
      "deleted_at": null
    },
    {
      "id": 77,
      "city_name": "London",
      "state_code": null,
      "state_name": null,
      "country_code": "GBR",
      "country_name": "United Kingdom",
      "city_lat": "51.506420135498050",
      "city_long": "-0.127210006117821",
      "deleted_at": null
    },
    {
      "id": 78,
      "city_name": "Atlanta",
      "state_code": "GA",
      "state_name": "Georgia",
      "country_code": "USA",
      "country_name": "United States",
      "city_lat": "33.748310089111330",
      "city_long": "-84.391113281250000",
      "deleted_at": null
    },
    {
      "id": 79,
      "city_name": "Cambridge",
      "state_code": "MA",
      "state_name": "Massachusetts",
      "country_code": "USA",
      "country_name": "United States",
      "city_lat": "42.366790771484375",
      "city_long": "-71.106010437011720",
      "deleted_at": null
    },
    {
      "id": 80,
      "city_name": "Palo Alto",
      "state_code": "CA",
      "state_name": "California",
      "country_code": "USA",
      "country_name": "United States",
      "city_lat": "37.444660186767580",
      "city_long": "-122.160789489746100",
      "deleted_at": null
    },
    {
      "id": 81,
      "city_name": "Boston",
      "state_code": "MA",
      "state_name": "Massachusetts",
      "country_code": "USA",
      "country_name": "United States",
      "city_lat": "42.358661651611330",
      "city_long": "-71.056739807128900",
      "deleted_at": null
    },
    {
      "id": 82,
      "city_name": "Mountain View",
      "state_code": "CA",
      "state_name": "California",
      "country_code": "USA",
      "country_name": "United States",
      "city_lat": "37.389671000000000",
      "city_long": "-122.081596000000000",
      "deleted_at": null
    },
    {
      "id": 83,
      "city_name": "Batavia",
      "state_code": "IL",
      "state_name": "Illinois",
      "country_code": "USA",
      "country_name": "United States",
      "city_lat": "41.849998474121094",
      "city_long": "-88.308822631835940",
      "deleted_at": null
    },
    {
      "id": 84,
      "city_name": "Redmond",
      "state_code": "WA",
      "state_name": "Washington",
      "country_code": "USA",
      "country_name": "United States",
      "city_lat": "47.678581237792970",
      "city_long": "-122.131576538085940",
      "deleted_at": null
    },
    {
      "id": 85,
      "city_name": "Brooklyn",
      "state_code": "NY",
      "state_name": "New York",
      "country_code": "USA",
      "country_name": "United States",
      "city_lat": "40.692451477050780",
      "city_long": "-73.990356445312500",
      "deleted_at": null
    },
    {
      "id": 86,
      "city_name": "New York",
      "state_code": "NY",
      "state_name": "New York",
      "country_code": "USA",
      "country_name": "United States",
      "city_lat": "40.782001495361330",
      "city_long": "-73.831703186035160",
      "deleted_at": null
    },
    {
      "id": 87,
      "city_name": "Philadelphia",
      "state_code": "PA",
      "state_name": "Pennsylvania",
      "country_code": "USA",
      "country_name": "United States",
      "city_lat": "39.952278137207030",
      "city_long": "-75.162452697753900",
      "deleted_at": null
    },
    {
      "id": 88,
      "city_name": "Miami",
      "state_code": "FL",
      "state_name": "Florida",
      "country_code": "USA",
      "country_name": "United States",
      "city_lat": "25.774810791015625",
      "city_long": "-80.197731018066400",
      "deleted_at": null
    },
    {
      "id": 89,
      "city_name": "Chicago",
      "state_code": "IL",
      "state_name": "Illinois",
      "country_code": "USA",
      "country_name": "United States",
      "city_lat": "41.884250640869140",
      "city_long": "-87.632446289062500",
      "deleted_at": null
    }
  ]
}
